Lyttleton,  Abe, 4467 Browning Arcade, BUFF POINT, NSW, 2262
Okaro,  Adam, 2269 Mantague Arcade, BEDFORD PARK, SA, 5042
Park,  Adam, 2739 Creswick Ridge, NARRABRI, NSW, 2390
Hattori,  Adamma, 2441 Ian Place, GISBORNE, VIC, 3437
Sun,  Aeryn, 4242 Tarella Parade, MATCHAM, NSW, 2250
Smith,  Agent, 4756 Streeton Crescent, GLENDEN, QLD, 4743
Kerr,  Aida, 2042 Osborne Plaza, COEN, QLD, 4871
Strube,  Aislin, 3728 Clover Avenue, DEEPWATER, NSW, 2371
Cooper,  Al, 4791 Waratah Close, CUNDLETOWN, NSW, 2430
Tracy,  Alan, 2695 Carson Esplanade, ABERCORN, QLD, 4627
Woods,  Alan, 3416 Silvan Heights, KINGSTON, VIC, 3364
Dumbledore,  Albus, 3291 Olive Street, CARABAN, WA, 6041
Bharwani,  Alec, 3820 Oberon Crescent, PRESTON, TAS, 7315
Peters,  Alec, 845 Marshall Course, CANDELO, NSW, 2550
Cullen,  Alex, 3796 Wade Parade, DONNELLY RIVER, WA, 6255
Whitman,  Alex, 3854 Bogong Course, DUNGOWAN, NSW, 2340
Brandtner,  Alexander, 2185 Moore Heights, ERSKINEVILLE, NSW, 2043
Dane,  Alexander, 4747 Booth Promenade, ABERDEEN, NSW, 2336
Harris,  Alexander, 4652 Cardiff Arcade, ADJUNGBILLY, NSW, 2727
Knox,  Alexander, 590 Burns Ridge, DECEPTION BAY, QLD, 4508
Sciarrone,  Alexis, 4937 Swan Close, ILFRAVILLE, TAS, 7270
Lowe,  Alfonso, 2869 Jade Walk, JOSLIN, SA, 5070
Pennyworth,  Alfred, 4559 Erin Drive, BOYA, WA, 6056
Pennyworth,  Alfred, 505 Cooma Concourse, TAYLORS ARM, NSW, 2447
Fuchs,  Alina, 1776 Cromwell Concourse, CANADIAN, VIC, 3350
Greig,  Alistair, 1247 Bristol Court, MACCLESFIELD, SA, 5153
Chamberlain,  Allen, 1404 Agnes Court, WARRA, QLD, 4411
Doyle,  Allen, 473 Raymond Ridge, BRINKIN, NT, 810
Holte,  Alma, 2129 Braeside Place, HAMILTON ISLAND, QLD, 4803
Stroustrup,  Alma, 2472 Ethel Grove, SUTHERLANDS CREEK, VIC, 3331
Alsop,  Almira, 3736 Aspen Course, GUNDAROO, NSW, 2620
Ogawa,  Alyssa, 1695 Country Esplanade, CHANGERUP, WA, 6394
Tsatsoulis,  Alyssa, 1925 Blackwood Place, KINGSTON, TAS, 7050
Tickle,  Amadeus, 3212 Third Plaza, KINGSTON, TAS, 7050
Mallory,  Amanda, 487 Queen Highway, PADDINGTON, NSW, 2021
Stephens,  Ami, 4173 Bunker Arcade, YARRA, NSW, 2580
Gaskill,  Amos, 4070 Morgan Grange, NICKOL, WA, 6714
de,  Andrade, 2176 Binalong Crossing, LEABROOK, SA, 5068
Monroe,  Andrew, 2312 Kalimna Drive, CAMBERWELL, NSW, 2330
Wells,  Andrew, 322 Rosalie Esplanade, ASHTON, SA, 5137
Hansen,  Anika, 1569 Spencer Avenue, KIPPAX CENTRE, ACT, 2615
Lovett,  Annick, 593 Belmont Chase, CONTINE, WA, 6311
Brandel,  Annina, 4399 Salisbury Heights, KURABY, QLD, 4112
Doyle,  Antionette, 2490 Coventry Crescent, LAKE MACDONALD, QLD, 4563
Diego,  Antonio, 4117 Merricks Arcade, SULPHUR CREEK, TAS, 7316
Emerson,  Anya, 3383 Charles Concourse, SOUTHBROOK, QLD, 4363
Curtis,  April, 4958 Yvonne Highway, TOLGA, QLD, 4882
Singh,  April, 2445 Lane Walk, CHERMSIDE WEST, QLD, 4032
Bay,  Ardeth, 2360 Lexton Crescent, MARMONG POINT, NSW, 2284
Farr,  Arif, 2367 Fenwick Chase, SEAFORD MEADOWS, SA, 5169
Rimmer,  Arnold, 205 Nathan Drive, LANSVALE, NSW, 2166
Dent,  Arthur, 2146 Cassia Circle, SMITHFIELD, QLD, 4878
Sloane,  Arvin, 4218 Fawkner Concourse, LAMB ISLAND, QLD, 4184
Evenstar,  Arwen, 3619 Empire Place, TOORAK, VIC, 3142
Barlow,  Asha, 605 Gilbert Avenue, BURRA, SA, 5417
Chandrasekaran,  Asia, 1395 Melba Plaza, GRIMWADE, WA, 6253
Sharma,  Asia, 2756 Bates Crossing, BEXLEY NORTH, NSW, 2207
Nicholson,  Atalanta, 2106 Quarry Esplanade, HUGHESDALE, VIC, 3166
Blevins,  Audi, 1927 Inala  Close, HEBERSHAM, NSW, 2770
Horne,  Audrey, 1092 Miranda Crossing, STOKERS SIDING, NSW, 2484
Schmitt,  Aurorette, 514 Lydia Avenue, SYDNEY AIRPORT, NSW, 2020
Martincic,  Avalon, 3198 Kenilworth Heights, NICHOLLS, ACT, 2913
Chang,  Axelle, 2808 Kimberley Grange, MOUNT RIVERVIEW, NSW, 2774
Busse,  Azize, 3666 Link Crescent, BERTRAM, WA, 6167
Torres,  B'Elanna, 4555 Flinders Plaza, JANE BROOK, WA, 6056
Gordon,  Barbara, 448 Sussex Street, HARLAXTON, QLD, 4350
Wilson,  Barbara, 1888 Osborne Heights, RENOWN PARK, SA, 5008
Collier,  Barney, 1376 Malmsbury Place, TOOLAKEA, QLD, 4818
Moon,  Barney, 15 Olive Walk, PRAIRIE, VIC, 3572
Besteliu,  Bart, 1502 Loddon Crossing, FARRER, ACT, 2607
Band,  Bash, 5 Little Esplanade, SORRENTO, QLD, 4217
Danna,  Bast, 3728 Shannon Chase, GLADSTONE, NSW, 2440
Guano,  Bat, 4541 Barry Grove, HEATHERBRAE, NSW, 2324
Valentine,  Beka, 4825 South Grange, MOUNT ANKETELL, WA, 6714
Santos,  Belay, 1173 Waterloo Highway, GALONG, NSW, 2585
Hayward,  Ben, 3221 Burton Parade, DARKES FOREST, NSW, 2508
Parker,  Ben, 2757 Fletcher Course, BAYLES, VIC, 3981
Urich,  Ben, 1302 Birch Grange, MOUNT WILSON, NSW, 2786
Gabor,  Beni, 3209 Skye Road, HAMILTON, NSW, 2303
Horne,  Benjamin, 4275 Thomas Concourse, TUMBY BAY, SA, 5605
Sisko,  Benjamin, 3810 Golden Esplanade, CHANDLER, QLD, 4155
Mouse,  Benjy, 4041 Panorama Court, TEA GARDENS, NSW, 2324
Brant,  Betty, 3383 Taunton Plaza, MOUNT TYSON, QLD, 4356
Fernandez,  Betty, 1003 Pindari Square, PLUMPTON, NSW, 2761
Crusher,  Beverly, 1744 Bernard Drive, NEWPORT BEACH, NSW, 2106
MacHattie,  Beyla, 2627 Hawthorn Crescent, DANGAR ISLAND, NSW, 2083
Crais,  Bialar, 2103 Station Drive, CAMMERAY, NSW, 2062
Mei,  Bidelia, 2830 Fitzgerald Course, WAEEL, WA, 6407
Baggins,  Bilbo, 3028 South Promenade, ENEABBA, WA, 6518
Cranston,  Billy, 1646 Glenview Heights, DARGALONG, VIC, 3608
Hayes,  Billy, 4367 Matlock Ridge, MURGON, QLD, 4605
Georgoulas,  Bisbee, 3632 Epsom Parade, CULCAIRN, NSW, 2660
Callaghan,  Bo, 2394 Lynch Square, LEPPINGTON, NSW, 2171
Cryer,  Bob, 4798 Tarella Course, POREPUNKAH, VIC, 3740
Schild,  Bob, 718 Brunton Alley, THURINGOWA CENTRAL, QLD, 4817
Benson,  Bobby, 4582 Mathers Parade, WESTVILLE, NSW, 2794
Briggs,  Bobby, 110 Orion Arcade, BOUNDARY BEND, VIC, 3599
Roberts,  Bonaventure, 2018 School Drive, CLIFTON BEACH, QLD, 4879
Barstow,  Bonnie, 1603 Webb Road, CALCA, SA, 5671
Ollero,  Brad, 3675 Olive Heights, ALBION, QLD, 4010
Ting,  Bradley, 1146 Augusta Heights, LEXIA, WA, 6065
Okuda,  Braima, 1264 Young Plaza, CURBAN, NSW, 2827
Hoy,  Brand, 3442 Rosella Arcade, DONNELLY RIVER, WA, 6255
Kane,  Brandon, 4050 Chelmsford Alley, WORONGARY, QLD, 4213
Khemani,  Brennan, 971 Bradley Chase, WURTULLA, QLD, 4575
Meservy,  Brent, 2944 Cumberland Ridge, TANGALOOMA, QLD, 4025
Chase,  Brett, 981 Plunkett Chase, YUROKE, VIC, 3063
Kite,  Brian, 2195 Blair Highway, MARIAN, QLD, 4753
Tau,  Brigit, 4232 Miles Arcade, WELLARD, WA, 6170
Wayne,  Bruce, 3589 Kooyong Grange, BEECHWOOD, NSW, 2446
Dante,  Bruno, 3691 Flinders Grange, WESTON CREEK, ACT, 2611
Rawson,  Brynn, 4456 Mills Place, RICHMOND, QLD, 4740
Turgidson,  Buck, 435 Corr Concourse, LEMNOS, VIC, 3631
Lusti,  Bud, 2582 Bromley Highway, CASEY, ACT, 2913
White,  Bud, 3215 Howitt Promenade, VICTORY HEIGHTS, WA, 6432
Summers,  Buffy, 1371 Timber Grove, NAR NAR GOON, VIC, 3812
Donahue,  Burke, 1816 Evans Plaza, EDINBURGH, SA, 5111
Donahue,  Burke, 2017 Canterbury Plaza, ALBERTON, QLD, 4207
Todorovski,  Burke, 1106 Hall Chase, HEPBURN SPRINGS, VIC, 3461
Silakoski,  Cais, 2057 Inala  Esplanade, ENFIELD SOUTH, NSW, 2133
Black,  Caitlin, 1855 Essex Course, WATERFORD, QLD, 4133
Tait,  Cameron, 1390 Ray Drive, MANANGATANG, VIC, 3546
Wilson,  Carol, 498 Power Crossing, ARTHUR RIVER, TAS, 7330
Floyd,  Caroline, 296 Azalea Esplanade, ERADU, WA, 6532
Rickman,  Cass, 1934 Tarella Ridge, LAKE MACDONALD, QLD, 4563
Martens,  Catherine, 1602 Cuthbert Place, YANDILLA, QLD, 4352
Parker,  Catherine, 3755 Seacomber Chase, CRADOCK, SA, 5432
Bradford,  Cathy, 1337 Main Arcade, ALPHINGTON, VIC, 3078
Gale,  Cathy, 4875 Lalor Walk, BUNTINE, WA, 6613
Marshall,  Cathy, 244 Hamilton Square, LOXTON, SA, 5333
Bortolon,  Celina, 1789 Fitzgerald Walk, METTLER, WA, 6328
Genest,  Chanton, 2432 Redwood Place, CARRAMAR, NSW, 2163
Brownlow,  Charles, 1000 Howitt Concourse, BOUNDARY BEND, VIC, 3599
Gunn,  Charles, 2087 Zulu Promenade, PAULLS VALLEY, WA, 6076
Tucker,  Charles, 3 Country Crescent, LOWDINA, TAS, 7026
Xavier,  Charles, 2464 Harker Square, LOCCOTA, TAS, 7255
Zephro,  Charlie, 2462 George Plaza, DUNTROON, ACT, 2600
Bhansali,  Charlotte, 4583 Kipling Crescent, LALLA, TAS, 7267
Praehofer,  Chars, 4438 Inglis Street, COPACABANA, NSW, 2251
Exposto,  Chava, 4273 Cassia Ridge, APSLEY, VIC, 3319
Driscoll,  Chelsa, 4680 Myrtle Esplanade, BUSHLAND BEACH, QLD, 4818
Fujimoto,  China, 2814 Christmas Grange, ELMHURST, VIC, 3469
Deakin,  Chris, 4779 Beach Concourse, PORT HACKING, NSW, 2229
Bock,  Christian, 4630 Kipling Close, MOWBRAY, TAS, 7248
Phillips,  Christiana, 1033 Vincent Close, KEALBA, VIC, 3021
Chapel,  Christine, 789 Fiona Place, LOWLANDS, WA, 6330
Frazer,  Christine, 93 Larch Crossing, GALSTON, NSW, 2159
Floyd,  Christopher, 2536 Gruyere Parade, HOLBROOK, NSW, 2644
Bub,  Cili, 1095 Talbot Walk, MACEDON, VIC, 3440
Carter,  Cinnamon, 3243 Christine Circle, PERTH, TAS, 7300
Morgan,  Cissy, 382 Royal Crossing, WARMUN, WA, 6743
Stanton,  Claire, 2411 Banyule Promenade, DONGARA, WA, 6525
McGovern,  Claral, 2407 William Esplanade, KILSYTH SOUTH, VIC, 3137
D'Rozario,  Clark, 3192 Jackson Promenade, TOGARI, TAS, 7330
Kent,  Clark, 979 Loddon Promenade, MIDDLE PARK, QLD, 4074
Paola,  Clayland, 3318 Daisy Promenade, GREYS PLAIN, WA, 6701
Schoenauer,  Clifton, 3420 Harold Drive, FORRESTANIA, WA, 6359
Cheikes,  Clinton, 750 Green Circle, BELLENDEN KER, QLD, 4871
Mallory,  Colin, 2843 Clover Course, WELLINGTON POINT, QLD, 4160
Campisi,  Collice, 2977 Owen Esplanade, PARKHAM, TAS, 7304
Chakotay,  Commander, 2165 Brown Square, WEST LAKES, SA, 5021
Spock,  Commander, 2809 Waratah Heights, SPRING HILL, TAS, 7030
Aarts,  Conyers, 3772 Dandenong Parade, RYDALMERE, NSW, 2116
Dong,  Coralia, 1841 Fitzroy Walk, THOWGLA VALLEY, VIC, 3707
Chase,  Cordelia, 738 Miriam Parade, COOPERS PLAINS, QLD, 4108
Bruninghaus,  Cornelius, 2901 Hardy Concourse, NORTH IPSWICH, QLD, 4305
Gilmore,  Craig, 558 Stephen Avenue, MELBOURNE, VIC, 3000
Hurme,  Craig, 2233 Balmoral Course, MAWBANNA, TAS, 7321
McEachin,  Cynthia, 1578 Kooyong Arcade, BRIDGEMAN DOWNS, QLD, 4035
Flinter,  Cyrus, 4202 Ocean Alley, UPPER MOUNT GRAVATT, QLD, 4122
Ly,  Dakota, 4288 Hardy Square, AVONDALE, QLD, 4670
Arden,  Dale, 2293 Orana Plaza, HOPELAND, QLD, 4413
Cooper,  Dale, 1882 Corr Esplanade, BALLAYING, WA, 6315
Smith,  Dale, 3922 Stanhope Court, INVERLEIGH, VIC, 3321
Lambert,  Dana, 2181 Denham Course, EURAMO, QLD, 4854
Mellanby,  Dana, 613 Diosma Drive, BANDON GROVE, NSW, 2420
Scully,  Dana, 4948 Lyle Chase, BELCONNEN, ACT, 2617
Briggs,  Daniel, 295 Wakefield Arcade, MURRENGENBURG, NSW, 2536
Holtz,  Daniel, 2013 Quarry Square, FORDS BRIDGE, NSW, 2840
Jackson,  Daniel, 2062 Christine Grove, BALWYN NORTH, VIC, 3104
Osbourne,  Daniel, 3033 Chelsea Crescent, SCARSDALE, VIC, 3351
Glaze,  Danny, 3263 Scenic Course, MORIARTY, TAS, 7307
Pearce,  Danny, 3968 Bowman Street, REYNELLA, SA, 5161
Woo,  Danny, 3717 Webb Promenade, PALMVIEW, QLD, 4553
Lambert,  Darien, 3499 Baxter Alley, NORTH BENDIGO, VIC, 3550
Kirk,  Darrin, 4636 Gibson Drive, DAADENNING CREEK, WA, 6410
Jackson,  Daunte, 1040 Chester Alley, NIRRANDA, VIC, 3268
Bowman,  Dave, 326 Walter Grange, THEODORE, ACT, 2905
Lister,  Dave, 3654 Docklands Circle, TAWONGA SOUTH, VIC, 3698
Litten,  Dave, 64 Tarella Avenue, EXFORD, VIC, 3338
Quinnan,  Dave, 1063 Harold Circle, SARINA RANGE, QLD, 4737
Callan,  David, 1431 Dunlop Avenue, NELSON, NSW, 2765
Keel,  David, 951 Davey Road, DYERS CROSSING, NSW, 2429
Summers,  Dawn, 726 Peers Highway, PARA HILLS, SA, 5096
Troi,  Deanna, 59 Candover Concourse, BROWNSVILLE, NSW, 2530
Broots,  Debbie, 469 Cumberland Crescent, NAIRNE, SA, 5252
Keane,  Debbie, 2543 Peppermint Grove, BEROWRA WATERS, NSW, 2082
McAlister,  Debbie, 2140 Abbott Drive, SALONIKA BEACH, QLD, 4740
Farr,  Debby, 1410 Melrose Circle, BRONTE, NSW, 2024
Tarrant,  Del, 173 Canning Grove, COOROY MOUNTAIN, QLD, 4563
Simmons,  Delaine, 1610 Burke Arcade, MOUNT COMPASS, SA, 5210
Conway,  Derek, 2636 Barkly Place, BOORHAMAN NORTH, VIC, 3685
Azuaje,  Dermot, 3943 Hayes Parade, CHEVRON ISLAND, QLD, 4217
Taviner,  Des, 683 Roslyn Circle, BRUTHEN, VIC, 3885
Prior,  Deven, 545 Wolseley Plaza, ELLERSTON, NSW, 2337
Miles,  Devon, 3098 Leslie Heights, KAROOLA, TAS, 7267
Worrell,  Di, 2062 Pleasant Drive, COUANGALT, VIC, 3437
Davis,  Diana, 1108 Cecil Drive, SPRING HILL, QLD, 4000
Palmer,  Diana, 2553 Raymond Arcade, BELLBRAE, VIC, 3228
Evans,  Diane, 3122 Glenelg Place, WONTHAGGI, VIC, 3995
Stetmeyer,  Dick, 3708 Buchan Road, BLAXCELL, NSW, 2142
Moisevitch,  Dimitri, 2876 Summit Grange, BURRINGBAR, NSW, 2483
Redmond,  Dinah, 3802 Bedford Walk, RIDGLEY, TAS, 7321
Simina,  Dionysius, 1927 Buchanan Chase, BUCKLEY, VIC, 3240
Thorpe,  Dionysus, 767 Bath Circle, ALEXANDRIA, NSW, 2015
Gordon,  Dom, 3301 Bartlett Square, TOORA, VIC, 3962
Mehta,  Domani, 3780 Elizabeth Walk, ANGLE PARK, SA, 5010
Rygel,  Dominar, 2335 Atkinson Road, ST HELENS, VIC, 3285
Boucher,  Dominique, 2368 Napoleon Street, TAMBO UPPER, VIC, 3885
Zhao,  Dominique, 350 Waratah Grove, HEDLEY, VIC, 3967
Beech,  Don, 2639 Sinclair Grove, GLANDORE, SA, 5037
Lydecker,  Donald, 506 Scott Place, FINNISS, SA, 5255
Rodriguez,  Donato, 1440 Grandview Concourse, KELSO, QLD, 4815
Pews,  Donelle, 537 Menzies Arcade, TARONGA, TAS, 7053
Harris,  Donna, 1248 Station Arcade, ELMORE, VIC, 3558
Hayward,  Donna, 899 Avoca Circle, RUBYVALE, QLD, 4702
Linton,  Dorcas, 1661 Bond Street, WAGOORA, QLD, 4798
Yuen,  Dorcas, 560 Daphne Highway, DAISY HILL, QLD, 4127
Eckerson,  Dorinda, 1039 Sitherland Close, MACARTHUR, ACT, 2904
Wyckoff,  Dorinda, 58 Blyth Road, COMET, QLD, 4702
Robert,  Doug, 1233 Buckingham Highway, SOUTH KEMPSEY, NSW, 2440
Ambrose,  Doyt, 3855 Brimbank Circle, HAPPY VALLEY, SA, 5159
Phlox,  Dr, 816 Little Circle, CLINTON, SA, 5570
Strangelove,  Dr, 3174 High Square, TOWER HILL, VIC, 3283
Malfoy,  Draco, 2305 Glamis Esplanade, ATWELL, WA, 6164
Smith,  Dudley, 4857 Kenilworth Plaza, DOLANS BAY, NSW, 2229
Lennox,  Duncan, 1424 Batman Street, KAROOLA, TAS, 7267
Nafeel,  Dureena, 2972 Diosma Court, SCOTSBURN, VIC, 3352
Sooriamurthi,  Dyani, 86 Peters Square, ELIZABETH SOUTH, SA, 5112
Hunt,  Dylan, 593 Aster Arcade, ROUCHEL, NSW, 2336
Joyce,  Dysis, 2670 Winifred Concourse, EIGHTY MILE BEACH, WA, 6725
Kee,  Earl, 4155 East Circle, MATRAVILLE, NSW, 2036
Hurley,  Ed, 486 Hotham Road, PORMPURAAW, QLD, 4871
Kerr,  Edaline, 2977 Potter Parade, CALDER, TAS, 7325
Brock,  Eddie, 1814 Horne Ridge, KOTUPNA, VIC, 3638
Kambhampati,  Eddie, 4012 Canterbury Crossing, GREENVALE, VIC, 3059
Santini,  Eddie, 2330 Ocean Crescent, KEWARRA BEACH, QLD, 4879
Valiant,  Eddie, 2462 Tyrone Concourse, RED BLUFF, VIC, 3695
Exley,  Edmund, 1681 Castle Esplanade, STONYFELL, SA, 5066
Tyrell,  Eldon, 4314 Cambridge Arcade, YEERONGPILLY, QLD, 4105
Natchios,  Elektra, 136 Pioneer Crescent, WOLLOMBI, NSW, 2325
Samuelle,  Elena, 1112 Brighton Crescent, HILTON, WA, 6163
Bennett,  Elizabeth, 1738 Margaret Road, DANDENONG, VIC, 3175
Lochley,  Elizabeth, 2711 Park Court, BLACKSOIL, QLD, 4306
Harvey,  Elle, 3847 Harker Highway, ROSEWATER, SA, 5013
Loew,  Ellis, 528 Hinkler Walk, LOXTON, SA, 5333
Half-Elven,  Elrond, 1426 Ray Parade, GAWLER, TAS, 7315
Lincoln,  Elvin, 4900 Camelia Square, OFFICER, VIC, 3809
Wettschereck,  Emanuel, 3455 Murray Esplanade, LOCKYER, WA, 6330
Peel,  Emma, 990 Baldwin Court, MASSEY BAY, WA, 6701
Weiss,  Eric, 3458 Surrey Promenade, SPRING HILL, QLD, 4000
Lehnsherr,  Erik, 3809 Benjamin Arcade, MAJORS CREEK, NSW, 2622
Montgomery,  Erma, 1519 Cole Promenade, DINMORE, QLD, 4303
Stockinger,  Ernst, 1430 Talbot Road, VISTA, SA, 5091
Suiza,  Esmay, 1298 Panorama Circle, MONT ALBERT NORTH, VIC, 3129
Roget,  Ester, 1461 Reserve Place, EAST VICTORIA PARK, WA, 6101
Skullovitch,  Eugene, 4247 Punt Place, WATERFALL GULLY, SA, 5066
Thompson,  Eugene, 543 Inala  Arcade, TOOLEYBUC, NSW, 2736
Tavano,  Eulalie, 686 Barton Esplanade, MURGHEBOLUC, VIC, 3221
Sharpe,  Eva, 3974 Agnes Heights, BECKOM, NSW, 2665
Blau,  Evelia, 538 Lyons Circle, METCALFE, VIC, 3448
Churbuck,  Evelina, 557 Waterloo Crescent, DARLINGTON, VIC, 3271
Carnahan,  Evelyn, 4487 Garnett Grove, CLUMP POINT, QLD, 4852
Proudfoot,  Everard, 1373 French Alley, BENGER, WA, 6223
Wharton,  Everett, 4977 Studley Parade, SNUG, TAS, 7054
Dax,  Ezri, 1474 Parkside Heights, METZ, NSW, 2350
Bulkmeyer,  Farkus, 2512 Clarke Close, HANSONVILLE, VIC, 3675
Kwok,  Felton, 2658 Cecil Arcade, SUTTON FOREST, NSW, 2577
Rivera,  Felton, 2802 Epsom Concourse, SYLVANIA WATERS, NSW, 2224
Darcy,  Fitzwilliam, 1894 Crawford Chase, MOUNT VICTORIA, NSW, 2786
Gordon,  Flash, 1010 Kirra Ridge, MALAGA, WA, 6090
Saleh,  Flavian, 237 Inala  Walk, WEST KALGOORLIE, WA, 6430
Pankakoski,  Flora, 1125 Trafalgar Place, ASPLEY, QLD, 4034
Gerrard,  Forbes, 2809 Seaview Grove, GRANTVILLE, VIC, 3984
Prefect,  Ford, 1236 Harker Highway, STRATHEDEN, NSW, 2470
Gates,  Forrest, 4705 Camelot Square, ROCKY GULLY, WA, 6397
Hadi,  Forrester, 1733 Dickens Concourse, FLOWERY GULLY, TAS, 7270
Chung,  Fountain, 463 Mark Promenade, BASKERVILLE, WA, 6056
Mulder,  Fox, 1614 St Georges Grove, WEBBERTON, WA, 6530
De,  Francesco, 4244 Coolabah Square, YORK, WA, 6302
Calfo,  Francine, 1830 Keith Circle, HAMPTON, VIC, 3188
Burnside,  Frank, 3681 Middleton Crescent, OTAGO, TAS, 7017
Hayes,  Frank, 4259 Ann Place, DUNGOG, NSW, 2420
Poole,  Frank, 971 Peppermint Street, MINYIP, VIC, 3392
Tate,  Frank, 4844 Shelley Drive, BINGIE, NSW, 2537
Nelson,  Franklin, 971 Panorama Parade, MALVERN, VIC, 3144
Kwan,  Fred, 3709 Corrigan Crossing, CAULFIELD EAST, VIC, 3145
Thrift,  Fremont, 2580 Peter Promenade, DAVIS, TAS, 7151
Kunz,  Fritz, 214 Williams Course, CAMS WHARF, NSW, 2281
Baggins,  Frodo, 448 Dunlop Promenade, GREENSBOROUGH, VIC, 3088
Shavlik,  Gabi, 3755 Benjamin Ridge, TARWIN LOWER, VIC, 3956
Bowman,  Gabriel, 4292 Karen Grange, CARNGHAM, VIC, 3351
Wilkie,  Gaby, 4527 Logan Alley, FORTESCUE, WA, 6716
Hassan,  Gad, 610 Oberon Square, HASTINGS, WA, 6308
Halfrunt,  Gag, 3740 Norwood Promenade, HILLSBOROUGH, NSW, 2320
Stallings,  Gaius, 1582 Preston Place, ERNEST, QLD, 4214
Alatariel,  Galadriel, 2311 Laburnum Ridge, ESPERANCE, WA, 6450
Guerra,  Garry, 14 Dandenong Walk, ALLWORTH, NSW, 2425
Zoch,  Garvey, 4815 Baxter Course, LAKE CONJOLA, NSW, 2539
Best,  Gary, 3027 Kirra Close, ISAACS, ACT, 2607
McCann,  Gary, 227 Lydia Circle, TOORBUL POINT, QLD, 4511
Nakhaeizadeh,  Gaurav, 4239 Reserve Arcade, NATHALIA, VIC, 3638
Park,  Gavin, 2307 Tea tree Circle, SILVERWATER, NSW, 2128
Aarts,  Gavivi, 4893 Lucerne Arcade, DENMAN, NSW, 2328
Fernandez-Chamizo,  Gazali, 1146 Correa Parade, CARDIGAN, VIC, 3352
Osbourne,  Gemma, 2230 Colin Ridge, NUMBAA, NSW, 2540
Daly,  Geoff, 2566 Lambeth Grove, JERVOIS, SA, 5259
Parker,  Geoffrey, 1498 Bartlett Chase, CORDERING, WA, 6393
LaForge,  Geordi, 3866 Thompson Highway, CUPRONA, TAS, 7316
Garfield,  George, 4862 Watts Drive, ANDREWS, QLD, 4220
Hammond,  George, 956 Benjamin Avenue, CONGEWAI, NSW, 2325
Knightly,  George, 4482 Jackson Highway, ILLOWA, VIC, 3282
Sanderson,  George, 4533 English Grove, HOVEA, WA, 6071
Gold,  Gina, 3397 Elizabeth Crossing, BLAIR ATHOL, SA, 5084
Bamford,  Gisela, 2683 Farmer Highway, BUCKLEY, VIC, 3240
Dinallo,  Gloria, 1739 Dover Promenade, WILLOWS GEMFIELDS, QLD, 4702
Delaney,  Goldie, 3759 Officer Avenue, THIRLMERE, NSW, 2572
Madhavan,  Gomer, 2536 Ripon Heights, STANNIFER, NSW, 2369
Tracy,  Gordon, 2093 Baker Place, MIRANNIE, NSW, 2330
Gerty,  Gossip, 201 Reed Arcade, MOUNT LEWIS, NSW, 2190
Kraslawski,  Grady, 4495 Dorothy Highway, IRON BARON, SA, 5600
Di,  Gregorio, 1260 Broadway Crossing, WANDILIGONG, VIC, 3744
Ebranati,  Gunnar, 1055 Molesworth Grove, COLYTON, NSW, 2760
Fleegman,  Guy, 4556 Endeavour Arcade, VERMONT, VIC, 3133
DeMarco,  Gwen, 2819 Lorikeet Avenue, HUMEVALE, VIC, 3757
Howard,  Gyala, 3656 Holden Street, RYLSTONE, NSW, 2849
O'Connell,  Hal, 1809 Rebecca Highway, HUTT STREET, SA, 5000
Failla,  Halona, 86 Berkeley Crossing, VICTORY HEIGHTS, WA, 6432
Petrone,  Hamal, 2363 Queensberry Walk, BANKSTOWN, NSW, 2200
Solo,  Han, 127 Peers Grange, BADDAGINNIE, VIC, 3670
Salvans,  Hannan, 2054 Irene Square, WESTMEADOWS, VIC, 3049
Chew,  Hannibal, 2808 Brickwood Avenue, GILLENBAH, NSW, 2700
Zarkov,  Hans, 3629 Malcolm Grove, MARYVALE, QLD, 4370
Quinzel,  Harleen, 4534 Amelia Crossing, BATCHELOR, NT, 845
Kim,  Harry, 2786 Market Circle, WINSTON HILLS, NSW, 2153
Maybourne,  Harry, 250 Hall Concourse, GLEN ALPINE, NSW, 2560
Osborn,  Harry, 1500 Ryan Promenade, LOCHINVAR, NSW, 2321
Potter,  Harry, 1541 Rose Grove, WONBOYN, NSW, 2551
Truman,  Harry, 2456 Miriam Plaza, MCKINLAY, QLD, 4823
Dent,  Harvey, 4000 Fern Promenade, MOUNT NELSON, TAS, 7007
Meissonnier,  Heather, 4601 Mills Heights, CARABOST, NSW, 2650
Strasser,  Heinrich, 2359 Briar Course, BALLADONIA, WA, 6443
Benson,  Helen, 1118 Bailey Crescent, BARNEY POINT, QLD, 4680
Wayne,  Helena, 1470 Clyde Place, DUDAWA, WA, 6519
Waternoose,  Henry, 487 Balcome Avenue, FORREST, WA, 6434
Thought,  Herbal, 4245 Knight Heights, SHAY GAP, WA, 6761
Granger,  Hermione, 1344 Erskine Road, CHARLESTOWN, NSW, 2290
Serrano,  Herris, 1036 Crawford Esplanade, PALM ISLAND, QLD, 4816
Floyd,  Heywood, 4641 Manor Concourse, SANDFLY, TAS, 7150
Sulu,  Hikaru, 2716 Melton Drive, BEN BUCKLER, NSW, 2026
Novick,  Hosea, 4627 Epsom Esplanade, MERINGANDAN, QLD, 4352
Sato,  Hoshi, 2706 Crawford Plaza, KIELPA, SA, 5642
Desiato,  Hotblack, 2012 Penrith Avenue, AVONSLEIGH, VIC, 3782
Urick,  Hubble, 2949 Malvern Square, BARELLAN POINT, QLD, 4306
Oxley,  Hussein, 3190 Fleming Arcade, MADELEY, WA, 6065
Nottingham,  Ian, 1013 Brentwood Court, EUCUMBENE, NSW, 2628
Featherston,  Ida, 85 Norman Course, WELLESLEY, WA, 6233
Ireland,  Idalia, 4559 Scenic Alley, TRUNDLE, NSW, 2875
Laszlo,  Ilsa, 1035 Clifton Grange, ADELAIDE, SA, 5000
Serra,  Inara, 1895 Bowman Ridge, DICKSON, ACT, 2602
Borner,  Ince, 3910 Glen Highway, MICKLEHAM, VIC, 3064
Falkman,  Indra, 3473 Close Promenade, VITTORIA, NSW, 2799
Evans,  Isabel, 3280 Gladstone Highway, SWANSEA, TAS, 7190
Hertz,  Isabis, 3308 Genoa Walk, DUNBOGAN, NSW, 2443
Levy,  Jabilo, 3433 Hammond Promenade, IRONSIDE, QLD, 4067
Carbone,  Jabulani, 2472 Grevillea Avenue, IVANHOE, VIC, 3079
Bristow,  Jack, 1991 Miranda Arcade, ORIENT POINT, NSW, 2540
Kirby,  Jack, 2544 Cuthbert Road, CHIGWELL, TAS, 7011
Meadows,  Jack, 4480 Edward Drive, EGLINTON, WA, 6034
Murdock,  Jack, 2997 Darebin Arcade, MOUNT WILSON, NSW, 2786
Napier,  Jack, 3443 Leslie Close, YARRAVILLE WEST, VIC, 3013
O'Neill,  Jack, 616 Berkeley Crossing, WARILLA, NSW, 2528
Ripper,  Jack, 2206 Braemar Arcade, MITCHELL, NT, 832
Vincennes,  Jack, 2521 Rosalie Ridge, PICTON, NSW, 2571
Barnhardt,  Jacob, 2531 Clarke Street, KUNYUNG, VIC, 3930
Bonne,  Jacoba, 4103 Heath Crescent, FAWKNER, VIC, 3060
Wu,  Jadyn, 4371 Brooks Esplanade, ROYAL PARK, SA, 5014
Dax,  Jadzia, 4532 Ellen Course, MULGOA, NSW, 2745
McCartey,  Jake, 4782 Oberon Grange, BRIBBAREE, NSW, 2594
Sisko,  Jake, 2629 Lomond Ridge, BLAIR ATHOL, SA, 5084
Brody,  James, 2840 Page Street, HECTORVILLE, SA, 5073
Cross,  James, 228 Blamey Street, MOSSY POINT, NSW, 2537
Hurley,  James, 2168 Campbell Crossing, GRANTVILLE, VIC, 3984
Kirk,  James, 955 Lane Parade, LOCKYER, WA, 6330
Sullivan,  James, 3994 Ellenvale Concourse, BROOKLYN PARK, SA, 5032
Avery,  Jamie, 3065 Beacon Arcade, WARNBRO, WA, 6169
Blake,  Jamilla, 115 Coolart Concourse, BOYKAMBIL, QLD, 4212
Miller,  Jane, 2768 Brooks Ridge, DROMEDARY, TAS, 7030
Frasier,  Janet, 4467 Harold Alley, BOUVARD, WA, 6210
Kalderash,  Janna, 1435 Benson Place, VALE PARK, SA, 5081
Binks,  Jar, 2240 Oregon Street, STRETTON, QLD, 4116
Crawford,  Jason, 362 Dunbar Crescent, LORNE, VIC, 3232
Nesmith,  Jason, 1507 Smith Drive, EDILLILIE, SA, 5630
Scott,  Jason, 877 Jasper Road, GUNDY, NSW, 2337
Woodrue,  Jason, 1802 Hill Road, WELSHPOOL, VIC, 3966
Cobb,  Jayne, 3887 Mitchell Crossing, YARRAMBAT, VIC, 3091
Grey,  Jean, 4470 Howitt Course, BURLEIGH WATERS, QLD, 4220
Picard,  Jean-Luc, 2380 Elder Avenue, DURI, NSW, 2344
Tracy,  Jeff, 4826 Balcome Court, KENWICK, WA, 6107
Wirth,  Jefferson, 3906 Officer Road, MITCHAM SHOPPING CENTRE, SA, 5062
Morooka,  Jeffrey, 2377 Elaine Avenue, WANDAL, QLD, 4700
Stannis,  Jenna, 178 Hardy Place, HURLSTONE PARK, NSW, 2193
Bent,  Jenny, 541 Tea tree Crescent, SPOTSWOOD, VIC, 3015
Calendar,  Jenny, 2248 Exhibition Plaza, BELL POST HILL, VIC, 3215
Warren,  Jerry, 532 Balmoral Concourse, ENSAY, VIC, 3895
Kiang,  Jesse, 1099 Charles Avenue, DAGGAR HILLS, WA, 6638
Ramirez,  Jesse, 3346 Grant Ridge, MISSION BEACH, QLD, 4852
Reese,  Jesse, 4645 Third Grange, MUMBULLA MOUNTAIN, NSW, 2550
Rabbit,  Jessica, 3507 Surrey Ridge, YENDON, VIC, 3352
Carver,  Jim, 539 Freeman Close, SOUTH GUILDFORD, WA, 6055
Phelps,  Jim, 3037 Omeo Place, BADGERYS CREEK, NSW, 2171
Valenti,  Jim, 1228 Gabrielle Parade, KONGORONG, SA, 5291
Olsen,  Jimmy, 1242 Stradbroke Highway, AUBURN, SA, 5451
Wells,  Jimmy, 852 Beatrics Crescent, COLERAINE, VIC, 3315
Morgan,  Jo, 1444 Montrose Plaza, CAWDOR, NSW, 2570
Packard,  Jocelyn, 4712 Dunbar Circle, PYRMONT, NSW, 2009
Robertson,  Joe, 1455 Screen Walk, MONTAGU BAY, TAS, 7018
Bukowski,  Johhny, 4219 Harper Highway, TOONGABBIE, NSW, 2146
Stompanato,  Johhny, 2833 Eagle Parade, PRAIRIE, QLD, 4816
Boulton,  John, 1290 Ethel Promenade, WILBINGA, WA, 6041
Crichton,  John, 19 Williams Esplanade, BERRYBANK, VIC, 3323
Doe,  John, 462 Rex Plaza, KILLIECRANKIE, TAS, 7255
Doggett,  John, 515 Cyril Grange, GASCOYNE RIVER, WA, 6705
Matheson,  John, 2574 Epsom Arcade, THIRLMERE, NSW, 2572
Sheridan,  John, 399 Burrows Square, BUNDARRA, NSW, 2359
Steed,  John, 4891 Townsend Ridge, BALD RIDGE, NSW, 2795
Tracy,  John, 3295 Lawrence Square, KINGS CROSS, NSW, 2011
Jameson,  Jonah, 1065 East Grange, WESTBREEN, VIC, 3044
Cale,  Jonas, 1627 Erica Grange, KENILWORTH, QLD, 4574
Quinn,  Jonas, 3935 Cuthbert Walk, PIALBA, QLD, 4655
Archer,  Jonathan, 2947 Hodgson Crossing, MONAK, NSW, 2738
Carnahan,  Jonathan, 334 Caroline Crescent, MOUNT CROSBY, QLD, 4306
Doors,  Jonathan, 1959 Fleming Alley, TELARAH, NSW, 2320
Ford,  Jonathan, 2993 Chelsea Grove, WARAMANGA, ACT, 2611
Levinson,  Jonathan, 4530 Avoca Circle, DARKAN, WA, 6392
Fabris,  Jonny, 4735 Penrith Heights, CORDALBA, QLD, 4660
Ishida,  Jordan, 2248 Dianne Alley, ANNANDALE, QLD, 4814
Bergmann,  Jory, 2012 Gladstone Arcade, MULGA DOWNS, WA, 6751
Carey,  Joseph, 2733 Ethel Alley, BROOWEENA, QLD, 4620
Doors,  Joshua, 4751 Hillview Esplanade, BUDDEROO, NSW, 2535
Lester,  Josie, 1274 Graham Parade, BROADWATER, VIC, 3301
Church,  Jovanna, 248 Ascot Close, HOPETOUN, WA, 6348
Summers,  Joyce, 3467 Delta Alley, KINDRED, TAS, 7310
Guttag,  Judd, 3439 Trentham Promenade, WANDOAN, QLD, 4419
Carbone,  Judson, 1521 Henty Heights, SHERLOCK, SA, 5301
McCarthy,  Juji, 2999 Brimbank Street, KUNJIN, WA, 6375
Bashir,  Julian, 2673 Industrial Walk, SAMSONVALE, QLD, 4520
Belman,  Julianne, 103 Cassia Grove, MOUNT SEYMOUR, TAS, 7120
Madison,  Julie, 2663 Bronte Course, KIMBERLEY PARK, QLD, 4128
Street,  Juliet, 2195 Montana Grange, MARUNGI, VIC, 3634
Ackland,  June, 3791 Dickens Crossing, MOUNT VINCENT, NSW, 2323
D'Argo,  Ka, 610 Carmichael Esplanade, IRISHTOWN, TAS, 7330
Sengh,  Kabai, 2159 Patridge Concourse, YARRAWONGA, VIC, 3730
Shih,  Kacy, 278 Officer Grove, SEAFORD MEADOWS, SA, 5169
Adami,  Kai, 1995 Zig zag Parade, JAMBIN, QLD, 4702
Parker,  Kaikura, 738 Clayton Promenade, RICHMOND HILL, QLD, 4820
Breen,  Kalinda, 2392 Pamela Course, CROYDON, QLD, 4871
Dunston,  Kamil, 935 Brougham Grove, RAINWORTH, QLD, 4065
Beyer,  Kanga, 3056 Malvern Grove, NELLY BAY, QLD, 4819
Kawalksi,  Karen, 2171 Burton Plaza, EUGENANA, TAS, 7310
Page,  Karen, 4923 Patridge Chase, KERRYDALE, QLD, 4226
Archibald,  Karli, 4 Blessington Esplanade, CLARENDON, VIC, 3352
Chung,  Karston, 964 Fern Ridge, FLOWERY GULLY, TAS, 7270
Yates,  Kasidy, 3063 Crisp Promenade, YASS, NSW, 2582
Dao,  Kassidy, 4933 Enfield Crossing, COOBER PEDY, SA, 5723
Quinn,  Kate, 1899 Margaret Street, LEARMONTH, WA, 6707
Spears,  Kate, 747 Hillview Circle, BALCATTA, WA, 6021
Vossos,  Katharine, 3422 Neville Heights, GAWLER, TAS, 7315
Pulaski,  Katherine, 3487 Hartwell Walk, GANMAIN, NSW, 2702
Janeway,  Kathryn, 1132 Hopetoun Close, MALLACOOTA, VIC, 3892
Hitchcock,  Katie, 2163 Somerset Square, WARANA, QLD, 4575
Hillard,  Kattherine, 2473 First Crescent, BALLAN, VIC, 3342
Kansu,  Kawena, 2397 Sixth Heights, GULGONG, NSW, 2852
McIntyre,  Kawena, 3978 Peters Ridge, MOUNT LAWLEY, WA, 6050
Rahilly,  Kaylana, 4047 Blake Street, MOODIARRUP, WA, 6393
Frye,  Kaywinnit, 3503 Ann Arcade, COORAN, QLD, 4569
Craddock,  Keahi, 2121 Lambeth Parade, DURREN DURREN, NSW, 2259
Anthes,  Keely, 323 Rodney Square, MILTON, QLD, 4064
O'Brien,  Keiko, 3855 Seaview Course, PORT HUGHES, SA, 5558
Drummond,  Ken, 2199 Glen Esplanade, RICHLANDS, QLD, 4077
Melvin,  Ken, 3178 Sandy Alley, SOUTH KALGOORLIE, WA, 6430
Irons,  Kenneth, 2293 Garden Road, WAVERLEY, TAS, 7250
Hatcher,  Kenny, 2619 Albert Place, ST JAMES, WA, 6102
Ullrich,  Kenyon, 1573 Highbury Ridge, BARDON, QLD, 4065
Avon,  Kerr, 1237 Cecil Grove, FITZGIBBON, QLD, 4018
Holmes,  Kerry, 1643 Farm Ridge, PENNINGTON, SA, 5013
Young,  Kerry, 4262 Fern Crescent, RENNIE, NSW, 2646
MacKellar,  Kimball, 1183 Toorak Crossing, MOUNT DIRECTION, TAS, 7252
Hart,  Kimberly, 3051 Olive Arcade, CHAKOLA, NSW, 2630
Oehlmann,  Kimberly, 2622 Garnett Esplanade, MILSONS POINT, NSW, 2061
Nerys,  Kira, 4417 Orion Road, URALBA, NSW, 2477
Walker,  Kit, 742 Josephine Court, APSLAWN, TAS, 7190
Harper,  Kita, 4273 Third Chase, BALLADONIA, WA, 6443
Crowther,  Klitos, 1229 London Grange, CRESWICK, VIC, 3363
Virkki-Hatakka,  Kolya, 4619 Callander Road, BLACKWOOD CREEK, TAS, 7301
Leighton,  Kostya, 2918 Keith Grange, FERNDALE, WA, 6148
Borthwick,  Krista, 1653 Glenelg Street, ROSS CREEK, VIC, 3351
Vicente,  Kristin, 448 Vincent Plaza, GRIFFITH UNIVERSITY, QLD, 4111
Westphalen,  Kristin, 2421 Ellis Course, SEAFORD HEIGHTS, SA, 5169
Kochanski,  Kristine, 1978 Brooklyn Avenue, PEEBINGA, SA, 5304
Sirin,  Kristine, 2469 Michael Chase, DAYLESFORD, VIC, 3460
Smets,  Kumiko, 3044 Archer Highway, LENNOX HEAD, NSW, 2478
Beck,  Kyle, 1505 East Promenade, BLUE ROCKS, TAS, 7255
Valenti,  Kyle, 1613 Erin Heights, KARALEE, QLD, 4306
Marefat,  Kyleigh, 4854 Murphy Walk, MAWSON, TAS, 7151
Warren,  Kyna, 76 Farmer Square, MURWILLUMBAH DC, NSW, 2484
Fertig,  Kyrene, 1074 Chelsea Street, MANDURAH NORTH, WA, 6210
Penelope,  Lady, 4543 Fenwick Avenue, TEESDALE, VIC, 3328
Hofbauer,  Lakia, 1132 Glenelg Promenade, MONGA, NSW, 2622
Ratcliffe,  Lan, 4039 Hoddle Plaza, CAMDEN HEAD, NSW, 2443
Sherman,  Landen, 1768 Head Circle, SAMFORD, QLD, 4520
Cheng,  Landers, 3681 Hoddle Crossing, MIDDLEMOUNT, QLD, 4746
Calrissian,  Lando, 4589 Ballarat Square, WAVELL HEIGHTS, QLD, 4012
Hou,  Laraine, 975 Lydia Crossing, YANNATHAN, VIC, 3981
Fotinos,  Lars, 448 Martin Plaza, HOPETOUN, WA, 6348
Yager,  Latona, 2041 Blakeney Road, BARDEN RIDGE, NSW, 2234
Palmer,  Laura, 2729 Henry Crescent, NETHERCOTE, NSW, 2549
Opat,  Laurie, 2092 Boyds Highway, FIGTREE, NSW, 2525
Deon,  Lawrence, 4744 Bruce Grove, QUINDALUP, WA, 6281
Greenleaf,  Legolas, 3568 Chelsea Street, STRATHERNE, WA, 6309
Organa,  Leia, 395 Wakefield Arcade, ST ANDREWS BEACH, VIC, 3941
Geir,  Lel, 4292 Grange Street, MOUNT GLORIOUS, QLD, 4520
Palmer,  Leland, 130 Corrigan Grove, BENOWA, QLD, 4217
Forward,  Lemuel, 3232 Link Place, SUNNY CORNER, NSW, 2454
Graf,  Leo, 3353 Baxter Chase, GREAT KEPPEL ISLAND, QLD, 4700
Lowther,  Leonard, 3848 Parkside Walk, SCOTT RIVER EAST, WA, 6275
McCoy,  Leonard, 4726 Cornwall Alley, MUCKLEFORD SOUTH, VIC, 3462
Luthor,  Lex, 206 Little Circle, NORTH JINDONG, WA, 6280
Kincaid,  Lian, 1693 Baxter Plaza, DALLAS, VIC, 3047
Zito-Wolf,  Liang, 4714 Binalong Parade, URIARRA, ACT, 2611
Morgan,  Lilah, 3038 Eileen Road, MARION BAY, SA, 5575
Marquette,  Lili, 1994 Cardiff Promenade, STEIGLITZ, VIC, 3331
Harper,  Lilian, 372 Turner Grange, ABERFELDY, VIC, 3825
Palmer,  Lily, 2440 Bailey Parade, BLACK SWAMP, NSW, 2372
McDonald,  Lindsay, 3611 Cameron Grove, WYUNA, VIC, 3620
Mandrake,  Lionel, 4852 Riverside Chase, BONNIE ROCK, WA, 6479
Casey,  Lisa, 2480 Grattan Ridge, DORROUGHBY, NSW, 2480
Marsh,  Liz, 3561 Stanhope Alley, UNGARRA, SA, 5607
Parker,  Liz, 2082 Blamey Road, CASHMERE, QLD, 4500
Rawton,  Liz, 9 Ascot Grange, ERSKINE, WA, 6210
Sheeran,  Lizbeth, 3712 Grevillea Concourse, KALTUKATJARA, NT, 872
Chiavaro,  Lizina, 1794 Highland Grange, VILLAWOOD, NSW, 2163
Cale,  Logan, 4583 Coolabah Course, TREVALLYN, NSW, 2421
Lane,  Lois, 482 Epsom Course, CORFIELD, QLD, 4733
Renault,  Lois, 3420 Oberon Road, MEANDARRA, QLD, 4422
Kernighan,  Lok, 3280 Blair Crescent, ROSES TIER, TAS, 7212
Kennedy,  London, 1954 Orana Drive, HERMIT PARK, QLD, 4812
Henderson,  Lonnie, 3790 Burnley Walk, THAGOONA, QLD, 4306
Webb,  Lorand, 3277 Regal Plaza, LYNDOCH, SA, 5351
Celeborn,  Lord, 3025 Boyd Parade, GRACEVILLE EAST, QLD, 4075
Zogg,  Lothar, 2924 Rowan Close, CROWTHER, NSW, 2803
Enticott,  Lou, 3369 Boyds Square, FENTONBURY, TAS, 7140
MacKellar,  Louisa, 1045 Elm Parade, RANDALLS BAY, TAS, 7112
Nguyen,  Lourdes, 2979 Lilian Promenade, COBDEN, VIC, 3266
Uhura,  Lt, 2372 Neerim Drive, ABERFELDY, VIC, 3825
Petersen,  Lucas, 3534 Reed Parade, COOMA, NSW, 2630
Wolenczek,  Lucas, 200 Coorong Crossing, IRONBARK, QLD, 4306
Lamport,  Lucian, 1280 Walsh Parade, KILLARNEY VALE, NSW, 2261
Moran,  Lucy, 339 Cromwell Chase, NARRE WARREN NORTH, VIC, 3804
Ashton,  Luke, 1989 Fraser Avenue, CHIFLEY, ACT, 2606
Skywalker,  Luke, 2989 Bruce Chase, NORTH TAMBORINE, QLD, 4272
Louis,  Lyde, 2586 Dobell Parade, EULEILAH, QLD, 4674
Bracken,  Lynn, 4038 Page Course, BURREN JUNCTION, NSW, 2386
Morgan,  Lynne, 4119 Merricks Circle, ASHLEY, NSW, 2400
Duddley,  Lyre, 849 Xebra Arcade, PERTH, TAS, 7300
Supic,  Lysa, 4321 Latham Walk, ANTONYMYRE, WA, 6714
McCartney,  Mac, 3118 Haig Grove, NATIONAL PARK, TAS, 7140
Penn,  Mac, 3912 Peters Parade, MILSONS PASSAGE, NSW, 2083
Dietterich,  Macha, 1675 Catherine Arcade, VINCENT, QLD, 4814
Olive,  Madison, 2518 Blessington Crossing, LYNDON, WA, 6701
Cortes-Rello,  Magee, 685 Roma Heights, FEDERAL, QLD, 4568
Walsh,  Maggie, 1455 McKay Course, ORBOST, VIC, 3888
Vancza,  Magnolia, 2841 Blair Alley, HAPPY VALLEY, QLD, 4655
Quong,  Makana, 2419 Molesworth Avenue, PALM BEACH, QLD, 4221
Belew,  Malcolm, 4745 Mantague Chase, GUANABA, QLD, 4210
Eastman,  Malcolm, 2369 Clifton Ridge, MACGREGOR, ACT, 2615
Reed,  Malcolm, 553 Blakeney Crescent, MALVERN EAST, VIC, 3145
Reynolds,  Malcolm, 4863 Jade Walk, EAST MAITLAND, NSW, 2323
Haynes,  Malcome, 2974 Chestnut Road, MORANBAH, QLD, 4744
Okada,  Maleah, 3472 Fiona Promenade, LEEDERVILLE, WA, 6007
Sirin,  Malo, 235 Cardiff Close, BICHENO, TAS, 7215
Draper,  Mana, 1519 Hunter Grange, KINGSFORD, NSW, 2032
Crocker,  Manilow, 3789 Guy Street, MOUNT HOPE, NSW, 2877
de,  Mantaras, 4229 Shirley Walk, BROWNS CREEK, NSW, 2799
Henderson,  Marcella, 4800 Foam Parade, POMONA, QLD, 4568
Blau,  Marcello, 485 Leura Street, NORTH BEACH, WA, 6020
O'Brien,  Marco, 2882 Head Crossing, BOOLADING, WA, 6392
Aurelius,  Marcus, 986 Hoddle Road, EDEN, NSW, 2551
Cole,  Marcus, 1328 Latrobe Concourse, UCARTY, WA, 6462
Dixon,  Marcus, 3045 Griffith Place, ABERGOWRIE, QLD, 4850
Mount,  Marek, 1172 Candover Heights, NORTH SHIELDS, SA, 5607
Hall,  Margo, 2120 Dover Concourse, KATOOMBA, NSW, 2780
DeLuca,  Maria, 2560 Richardson Grange, WOOMERA, SA, 5720
D'Ancanto,  Marie, 2757 Blair Avenue, DUVERNEY, VIC, 3323
Hannington,  Marka, 1550 Barwon Concourse, WONDUNNA, QLD, 4655
Flinkman,  Marshall, 4252 Armstrong Promenade, BOBIN, NSW, 2429
King,  Martin, 4421 Mimosa Court, HARRINGTON PARK, NSW, 2567
Salerno,  Marty, 2798 Alexander Alley, MALMSBURY, VIC, 3446
Mogro,  Marvel, 2893 Leonard Drive, KATANNING, WA, 6317
Acme,  Marvin, 1059 Monaro Crossing, SIDMOUTH, TAS, 7270
Watson,  Mary, 157 Glen Heights, MINCHINBURY, NSW, 2770
Rodewell,  Masada, 435 Eileen Highway, HIGH WYCOMBE, WA, 6057
Hunter,  Mateo, 981 Balcome Heights, ELRINGTON, NSW, 2325
Murdock,  Matt, 2605 Earl Alley, DARGO, VIC, 3862
Boyden,  Matthew, 635 Reed Grove, SEVEN HILLS, QLD, 4170
Gideon,  Matthew, 4505 Young Highway, DALRYMPLE HEIGHTS, QLD, 4757
Wearbe,  Mauve, 4648 Clover Alley, AVOCA BEACH, NSW, 2251
Eilerson,  Max, 3422 Alexander Place, CLEAVERVILLE, WA, 6714
Evans,  Max, 2207 Waterloo Course, CATTAI, NSW, 2756
Guevara,  Max, 3408 Ethel Walk, BILBUL, NSW, 2680
Koch,  Max, 1201 Lilac Arcade, CARLTON SOUTH, VIC, 3053
Shreck,  Max, 3995 Daphne Heights, FRAMLINGHAM, VIC, 3265
Whiting,  Max, 4898 Rutland Court, COTTON TREE, QLD, 4558
Brajlovsky,  Maxim, 3591 Somerset Ridge, BENALLA, VIC, 3673
Arturo,  Maximillian, 795 Lawrence Alley, PARKFIELD, WA, 6233
Funk,  Maximos, 473 Daisy Esplanade, DOVER GARDENS, SA, 5048
Sherman,  Maximos, 553 Brougham Course, DARLING HEIGHTS, QLD, 4350
Meridus,  Maximus, 4369 Ireland Drive, ALDGATE, SA, 5154
Berlin,  Mea, 26 Lucerne Grange, BENDIGO, VIC, 3550
Pegler,  Melita, 2419 Scenic Grove, NUNAWADING, VIC, 3131
Wisdo,  Melodie, 2462 Balcome Ridge, PENRITH BC, NSW, 2750
Brandybuck,  Meriadoc, 4389 Fenwick Chase, SOUTHERN BROOK, WA, 6401
Muffley,  Merkin, 4825 Morton Drive, CESSNOCK WEST, NSW, 2325
Gonzalez-Calero,  Metea, 4562 Martin Promenade, RENMARK SOUTH, SA, 5341
Garibaldi,  Michael, 4595 Magnolia Drive, NELIA, QLD, 4816
Guerin,  Michael, 4573 Glenelg Esplanade, BEULAH, VIC, 3395
Knight,  Michael, 955 Ascot Grange, BARONGAROOK, VIC, 3249
Samuelle,  Michael, 3931 Cardiff Walk, BONDI, NSW, 2026
Vaughn,  Michael, 4849 Olsen Course, SOMERTON, VIC, 3062
Krogh,  Michaela, 171 Aquarius Place, PERILLUP, WA, 6324
Mikami,  Michele, 4110 Sheridan Arcade, DUNKELD, NSW, 2795
Cohen,  Mickey, 4456 Morton Esplanade, SOUTHTOWN, QLD, 4350
Webb,  Mickey, 2441 Tara Avenue, WELLARD, WA, 6170
Ortiz,  Miguel, 1107 Pindari Avenue, CHILDERS, VIC, 3824
Abdullah,  Mikasi, 1245 Harper Esplanade, NEWPORT, NSW, 2106
Dashwood,  Mike, 166 Kirra Crescent, BARGO, NSW, 2574
Jarvis,  Mike, 135 St Georges Alley, CARRAMAR, NSW, 2163
Wazowski,  Mike, 3557 Castle Heights, SUSSEX INLET, NSW, 2540
Yamazaki,  Milek, 1961 Sarah Circle, GULNARE, SA, 5471
O'Brien,  Miles, 2675 Allison Court, TUROSS HEAD, NSW, 2537
Brandau,  Milton, 2300 Perth Close, RETREAT, TAS, 7254
Davis,  Mimi, 937 Katrina Walk, GLENUNGA, SA, 5064
McGonagall,  Minerva, 2713 Smith Highway, CHATSWOOD WEST, NSW, 2067
Parker,  Miss, 1069 Bates Esplanade, HENDON, SA, 5014
Scott,  Miss, 2760 Amelia Arcade, AKAROA, TAS, 7216
Laing,  Mitchell, 2869 Mitchell Place, ROBINSON, WA, 6330
Milroy,  Moana, 2353 Milford Drive, KENNEDY RANGE, WA, 6701
Church,  Moesha, 4525 Omeo Court, LAURA, SA, 5480
Reyes,  Monica, 4783 Cole Crescent, TABLE TOP, NSW, 2640
Scott,  Montgomery, 146 Olsen Course, CURBAN, NSW, 2827
Blue,  Moral, 3612 Tween Crescent, GRIFFIN, QLD, 4503
Sahmbi,  Mordecai, 3429 Studley Place, TURNERS MARSH, TAS, 7267
Xie,  Morey, 4708 Casey Road, TUNCESTER, NSW, 2480
Wills,  Morrie, 1382 Cecil Close, WANDAL, QLD, 4700
Toynbee,  Mortimer, 4384 Camelia Highway, RUTLAND, TAS, 7030
Brennan,  Moses, 2080 Page Grove, ADELAIDE RIVER, NT, 846
Sark,  Mr, 2303 Austral Place, CLIFTON, WA, 6210
Barly,  Mrs, 4924 Cleeland Esplanade, PORT MELBOURNE, VIC, 3207
Proudfoot,  Mrs, 1988 Cheryl Highway, KATUNGA, VIC, 3640
Santos,  Muhammad, 3673 Dorset Heights, BRAY PARK, QLD, 4500
Ensink,  Murphy, 713 Omeo Parade, CERVANTES, WA, 6511
Knoblock,  Namir, 2766 Lucerne Avenue, BINDI BINDI, WA, 6574
Zeyer,  Nancy, 355 Hughes Alley, MAUDSLAND, QLD, 4210
Wildman,  Naomi, 3663 Bond Square, EILDON, VIC, 3713
Broverman,  Nara, 659 Falls Chase, LABURNUM, VIC, 3130
Horden,  Nasser, 3809 Degraves Concourse, SHEPPARTON, VIC, 3630
Karacapilidis,  Nasya, 3322 Fleming Street, ATWELL, WA, 6164
Sugeno,  Nasya, 588 Eva Close, OLINDA, VIC, 3788
Yar,  Natasha, 935 Baxter Street, BENDICK MURRELL, NSW, 2803
Bridger,  Nathan, 1561 Hunter Grange, POPANYINNING, WA, 6309
Needle,  Nathaniel, 1510 Garnett Arcade, DOWSING POINT, TAS, 7010
Dufort,  Nayeli, 2564 Peter Drive, BULN BULN, VIC, 3821
Andromeda,  ndromeda, 2036 Stanhope Grove, ROCKY HALL, NSW, 2550
Smets,  Nerina, 4268 Hunter Esplanade, BANKS, ACT, 2906
MacNeil,  Nerine, 670 School Grove, TREVALLYN, NSW, 2421
Longbottom,  Neville, 1273 Dianne Promenade, BEECH FOREST, VIC, 3237
Roberts,  Niabi, 4341 Lightwood Arcade, ALLAMBIE HEIGHTS, NSW, 2100
Kirsch,  Niall, 2241 Cyril Alley, PARADISE, TAS, 7306
Klein,  Nick, 2546 Blyth Court, BALLINA DC, NSW, 2478
Shaw,  Nick, 588 Jade Chase, NATHAN, QLD, 4111
Slater,  Nick, 2939 Beatty Chase, KINGSTHORPE, QLD, 4400
Eissa,  Nicki, 4156 Masons Circle, PIESSE BROOK, WA, 6076
Natchios,  Nikolaos, 1789 Beacon Avenue, TAREN POINT, NSW, 2229
Sin,  Ninon, 4572 Industrial Course, EDEN, NSW, 2551
Wah,  Nita, 2798 Acacia Crescent, WOY WOY, NSW, 2256
Farmer,  Nona, 767 Brown Avenue, NUMINBAH, NSW, 2484
Fries,  Nora, 3539 Garden Esplanade, MONTANA, TAS, 7304
Kearne,  Noreen, 3793 Windsor Crossing, NEW BRIGHTON, NSW, 2483
Datta,  Norika, 17 Finch Court, GOROKAN, NSW, 2263
Jennings,  Norma, 817 Magnolia Heights, ALLORA, QLD, 4362
Osborn,  Norman, 3034 Ferntree Circle, WHITE HILLS, VIC, 3550
Kenobi,  Obi-Wan, 4764 Bronte Circle, MONGOGARIE, NSW, 2470
Bullock,  Odetta, 866 Dale Road, DONALD, VIC, 3480
Binbasioglu,  Ola, 2035 Head Grove, LAUGHTONDALE, NSW, 2775
Gan,  Olag, 921 Porter Square, RIVERHILLS, QLD, 4074
Hudson,  Oliver, 1778 Palmerston Course, LOCKYER WATERS, QLD, 4311
Wood,  Oliver, 113 Coral Road, CEDAR CREEK, QLD, 4520
Marefat,  Oral, 4965 Bent Esplanade, CONCORD WEST, NSW, 2138
Blevins,  Orde, 4445 Mount Drive, WEST PERTH, WA, 6005
Kim,  Oriel, 4174 Cook Highway, BURBURGATE, NSW, 2380
Marra,  Oriole, 711 Castle Course, THE GAP, QLD, 4061
Munroe,  Orono, 3138 Gregory Close, CHANDLERS HILL, SA, 5159
Morrison,  Orsen, 3317 Barkly Highway, COOBOWIE, SA, 5583
Cobblepot,  Oswald, 3806 Garnett Promenade, ROSA GLEN, WA, 6285
Abels,  Overton, 765 Lilac Esplanade, BLAXLAND, NSW, 2774
Berlin,  Ovid, 1260 Booth Square, HOPE VALE, QLD, 4871
Zhaan,  Pa'u, 3159 Rowan Grove, GREENHILLS, NSW, 2323
Naberrie,  Padme, 1942 Essex Close, BELTANA, SA, 5730
Isley,  Pamela, 1023 Nepean Highway, BACKMEDE, NSW, 2470
Riley,  Paul, 2052 King Court, KOGARAH BAY, NSW, 2217
Stritch,  Paul, 3205 Melba Place, HAWKS NEST, NSW, 2324
Wolfe,  Paul, 3815 Tyler Alley, WESTMINSTER, WA, 6061
Chekov,  Pavel, 650 Kooyong Close, DALBY, QLD, 4405
Cho,  Paz, 1990 Broadway Drive, JACUP, WA, 6337
Jantke,  Pearly, 2799 Greensborough Parade, LYNCHS CREEK, NSW, 2474
Fabjan,  Pebbles, 2411 Brunton Course, OMEO, VIC, 3898
Took,  Peregrin, 220 Brunton Parade, MYRTLEBANK, VIC, 3851
Feret,  Peregrine, 239 Lilac Close, WYREEMA, QLD, 4352
Martell,  Pete, 2796 Dobell Place, COLOSSEUM, QLD, 4677
Muswell,  Pete, 4619 Lilian Heights, CONWAY BEACH, QLD, 4800
Jackson,  Peter, 644 Hardy Avenue, SPRINGWOOD, QLD, 4127
Parker,  Peter, 346 Market Crossing, BOWMANS FOREST, VIC, 3735
Taggart,  Peter, 4824 Birdwood Heights, HARBORD WEST, NSW, 2096
Dursley,  Petunia, 4452 Tea tree Grange, DARRADUP, WA, 6275
Hunter,  Phil, 3754 Sunset Walk, DROMEDARY, TAS, 7030
Lim,  Philena, 3659 Edward Court, CARLTON NORTH, VIC, 3054
Cato,  Phillip, 4317 Summit Parade, TICHBORNE, NSW, 2870
Evans,  Phillip, 4573 Duke Crescent, MOURA, QLD, 4718
Patchett,  Pierce, 798 Creswick Crossing, BACCHUS MARSH, VIC, 3340
Stranieri,  Pierre, 3521 Cardiff Street, BURNSIDE, SA, 5066
Plumb,  Piuta, 1469 Brisbane Highway, ALMA, WA, 6535
Sykes,  Po, 216 Griffith Square, HUME, ACT, 2620
Page,  Polly, 3610 Balmoral Drive, HABANA, QLD, 4740
Li,  Prewitt, 3161 Boyd Road, PALMER, SA, 5237
Bergmann,  Primo, 1597 Regent Street, CANNINGTON, WA, 6107
Bezdek,  Quennell, 2103 Ormond Drive, BIRRIWA, NSW, 2844
Jinn,  Qui-Gon, 4514 Scenic Arcade, WOODVIEW, NSW, 2470
Mallory,  Quinn, 1484 Plymouth Grange, SUCCESS, WA, 6164
Penbroke,  Rachel, 4232 Dakara Drive, PAPPINBARRA, NSW, 2446
Olive,  Raina, 2140 Severn Heights, MARANGAROO, WA, 6064
Khosla,  Ram, 2797 Candlebark Walk, YATTALUNGA, NSW, 2251
Boggs,  Randall, 1685 Jolimont Chase, HENLEY BROOK, WA, 6055
Hicks,  Randilyn, 3202 Blakeney Crossing, TANDEGIN, WA, 6415
Eckerson,  Rane, 1557 Milford Crescent, NUMBULWAR, NT, 852
Lennier,  Ranger, 672 Blyth Walk, KAROOLA, TAS, 7267
Raoul,  Raoul, 3150 Omeo Concourse, TYAGARAH, NSW, 2481
Darkholme,  Raven, 3377 Hammond Crossing, RANGEVIEW, VIC, 3132
Steele,  Ray, 504 Fairview Parade, MILLBANK, NSW, 2440
Zephro,  Ray, 3571 St Kilda Drive, PELHAM, TAS, 7030
Gillette,  Razor, 941 Rebecca Circle, LAJAMANU, NT, 852
Ronald,  Reagan, 561 Brisbane Grange, ESSENDON NORTH, VIC, 3041
Hollis,  Reg, 4882 Alice Promenade, LOWER LIGHT, SA, 5501
Barclay,  Reginald, 250 Carson Road, COWALELLUP, WA, 6336
Brown,  Rembrandt, 1825 Burgess Heights, WENDOREE PARK, NSW, 2250
Palmer,  Renee, 4908 Orrong Road, GUNGAHLIN, ACT, 2912
Pao,  Renny, 248 Magnolia Alley, GREENLANDS, NSW, 2330
Bem,  Rev, 1055 Kenilworth Ridge, TENNYSON, VIC, 3572
Lusk,  Reza, 1775 Claremont Heights, BULLABURRA, NSW, 2784
Sutherland,  Rhett, 260 Industrial Alley, BRANYAN, QLD, 4670
Blaine,  Richard, 1397 Pleasant Square, CAPEL RIVER, WA, 6271
Grayson,  Richard, 4369 Meadow Arcade, MELLA, TAS, 7330
Inglewood,  Richard, 971 Acland Grange, KAMBALDA, WA, 6442
Snyder,  Richard, 1020 Green Court, JACKSON, QLD, 4426
Wilkins,  Richard, 2563 Falls Concourse, HOWDEN, TAS, 7054
Moser,  Richie, 676 Northcote Crescent, POONCARIE, NSW, 2648
Deckard,  Rick, 3468 Lyons Alley, ARMADALE NORTH, VIC, 3143
O'Connell,  Rick, 3785 Daphne Crossing, GATTON, QLD, 4343
Bisio,  Rico, 3042 Mason Course, PIRRON YALLOCK, VIC, 3249
Finn,  Riley, 3012 Lowan Crescent, ELLEN GROVE, QLD, 4078
Tam,  River, 4582 Jill Course, HURLSTONE PARK, NSW, 2193
Laren,  Ro, 408 Boronia Crossing, RUSSELL ISLAND, QLD, 4184
Cryer,  Robbie, 2109 Penrith Square, BORUNG, VIC, 3518
Kelly,  Robert, 389 Trafalgar Avenue, CLEVE, SA, 5640
DeSantos,  Rocky, 3747 Campbell Place, LEICHHARDT, QLD, 4305
Skase,  Rod, 2520 Edith Parade, MARDIE, WA, 6714
Rabbit,  Roger, 3866 Tea tree Highway, BARRINGUN, NSW, 2840
Blake,  Roj, 1172 Dickens Crossing, MOUNT RUSSELL, NSW, 2360
Hand,  Rollin, 3994 Bond Parade, WON WRON, VIC, 3971
Smollett,  Rom, 994 Brooks Street, LEWISHAM, NSW, 2049
Klein,  Roman, 2173 Leura Promenade, YOTING, WA, 6383
Sandoval,  Ronald, 1097 Napoleon Plaza, MANSFIELD, VIC, 3722
Weasley,  Ronald, 1493 Charles Avenue, AVOCA, VIC, 3467
Waterhouse,  Ros, 571 Oxone Place, FRANKLAND, WA, 6396
Leung,  Ross, 4428 Balcome Arcade, COATESVILLE, VIC, 3165
Batty,  Roy, 176 Brougham Circle, ENFIELD, SA, 5085
Galloway,  Roy, 1113 Fawkner Plaza, KOOTINGAL, NSW, 2352
Clarke,  Roz, 4530 George Avenue, KINGSVILLE, VIC, 3012
Hagrid,  Rubeus, 681 Grattan Alley, GLEN MERVYN, WA, 6239
Buxton,  Ruby, 3458 East Concourse, ELERMORE VALE, NSW, 2287
Giles,  Rupert, 640 Dawson Arcade, WONGARBON, NSW, 2831
Luger,  Russom, 341 Clarendon Walk, CAPERTEE, NSW, 2846
Shutt,  Rylee, 500 Rotherwood Alley, GAIRDNER, WA, 6337
de,  Sadesky, 2735 Bedford Ridge, GASCOYNE JUNCTION, WA, 6705
Mihelakos,  Sadiki, 1922 Ascot Highway, WIVENHOE, TAS, 7320
James,  Saffron, 1900 Hayes Place, RICHMOND, NSW, 2753
Ng,  Salene, 3601 Wolseley Walk, CORNWALLIS, NSW, 2756
Johnson,  Sally, 47 Michelle Arcade, LITTLE BAY, NSW, 2036
Popkin,  Sally, 3994 Timber Concourse, HARBORD WEST, NSW, 2096
Wong,  Sally, 2037 Neville Promenade, SANDSTONE POINT, QLD, 4511
Borg,  Salvador, 1863 Torquay Grange, HOBART, TAS, 7000
Harker,  Sam, 600 Watts Course, HOBART, TAS, 7000
Huang,  Sam, 3656 Forest Street, CHAPEL HILL, QLD, 4069
Carter,  Samantha, 2740 Dakara Circle, GOLDSWORTHY, WA, 6723
Nixon,  Samantha, 3439 Robinsons Promenade, NERANG, QLD, 4211
Wildman,  Samantha, 1698 Lowan Drive, WILLOW TREE, NSW, 2339
Gamgee,  Samwise, 3465 Evelyn Plaza, DOWERIN, WA, 6461
Bradburn,  Sandra, 3840 Chestnut Highway, KIPPAX, ACT, 2615
Prabhakar,  Santos, 2012 Tulip Promenade, JEETHO, VIC, 3945
Pezzini,  Sara, 4432 Grange Chase, DURI, NSW, 2344
Chambers,  Sarah, 1394 Adams Walk, DENNES POINT, TAS, 7150
LeLouce,  Saul, 829 Ripon Circle, ELMORE, VIC, 3558
Summers,  Scott, 4722 Orion Chase, CAMPBELLTOWN DC, NSW, 2560
Tracy,  Scott, 1615 Cyril Arcade, INNALOO, WA, 6018
Harper,  Seamus, 165 Russell Circle, LAKEMBA, NSW, 2195
Xiao,  Selas, 1657 Emma Plaza, PARKES, NSW, 2870
Kyle,  Selina, 513 Ellen Grove, DOBROYD POINT, NSW, 2045
Ferrari,  Senor, 1475 Deakin Parade, RYLSTONE, NSW, 2849
McFarlane,  Sera, 114 Commercial Crossing, COWALELLUP, WA, 6336
Ase,  Serendipity, 2566 Capitol Plaza, KLEINTON, QLD, 4352
Simpson,  Serendipity, 4864 Meyer Road, DUNMORA, QLD, 4650
Fair,  Serenity, 2377 Blenheim Arcade, WOLUMLA, NSW, 2550
Siler,  Sergeant, 3842 Jacaranda Crossing, MARCUS BEACH, QLD, 4573
Reynolds,  Severino, 382 Dorothy Parade, VICTORY HEIGHTS, WA, 6432
Snape,  Severus, 3442 Lexton Chase, MULLALOO, WA, 6027
Birkoff,  Seymour, 3178 Monaro Heights, AVENEL, VIC, 3664
Semmens,  Shakira, 2267 Leonard Arcade, BETHANGA, VIC, 3691
Gluck,  Shalaidah, 3689 Hughes Grange, CASTAMBUL, SA, 5076
Spence,  Shalom, 4163 Mountain Avenue, INNOT HOT SPRINGS, QLD, 4872
Vasudevan,  Shamara, 3353 Louise Crossing, NGUNNAWAL, ACT, 2913
Every,  Shaw, 3669 West Walk, BLACK HILL, SA, 5353
McCarthy,  Shea, 4318 Outlook Course, COMO, WA, 6152
Marra,  Sheadon, 3837 Osborne Parade, METRICUP, WA, 6280
Candle,  Sheena, 3675 Glenview Arcade, KINGSTON BEACH, TAS, 7050
Johnson,  Shelly, 1447 Lord Crossing, DEAN PARK, NSW, 2761
Book,  Shepherd, 2656 Cypress Concourse, KNOX CITY CENTRE, VIC, 3152
Calderwood,  Sherine, 2438 Kirra Place, DULWICH HILL, NSW, 2203
Rager,  Sherry, 4290 Blair Avenue, MAROM CREEK, NSW, 2480
Ram,  Shiela, 1169 Oxford Road, SHOAL BAY, NSW, 2315
Skywalker,  Shmi, 200 Trentham Grove, ARTHURVILLE, NSW, 2820
Hui,  Shoshanah, 3495 Collins Road, CARROLL, NSW, 2340
Hudgens,  Sid, 4263 Cherry Place, STRATHEWEN, VIC, 3099
Maine,  Sierra, 416 Laurel Walk, SEVERNLEA, QLD, 4352
Hang,  Sileas, 95 Laurel Alley, COLLAROY PLATEAU, NSW, 2097
Tam,  Simon, 4238 Chatham Parade, PICCADILLY, WA, 6430
McIntosh,  Sinjin, 2897 Degraves Avenue, KARAKIN, WA, 6044
Bibble,  Sio, 2860 Briggs Esplanade, MILPARINKA, NSW, 2880
MacNeill,  Siobhan, 4415 Chelmsford Plaza, YAN YEAN SOUTH, VIC, 3754
Black,  Sirius, 4167 McCubbin Drive, HAY POINT, QLD, 4740
Quirrell,  Slatero, 3233 Morrison Circle, FOREST HILL, QLD, 4342
Cummons,  Smedley, 4835 Lincoln Road, ROYAL NORTH SHORE HOSPITAL, NSW, 2065
Yasuda,  Socrates, 2991 Edith Close, SEDAN, SA, 5353
Goldsmith,  Stacey, 1159 Bath Grange, YALYALUP, WA, 6280
Farah,  Stacia, 3473 Alfred Place, CORRYONG, VIC, 3707
Shiri,  Stanislav, 3710 Thornton Course, JAMESTOWN, SA, 5491
Franklin,  Stephen, 3190 Sydney Parade, ROXBY DOWNS, SA, 5725
Loxton,  Steve, 1020 Boundary Heights, GAPSTED, VIC, 3737
Gibbs,  Storm, 1612 Short Avenue, REDPA, TAS, 7330
T'Pol,  Subcommander, 1142 Wattletree Concourse, PELTON, NSW, 2325
Portelli,  Sumana, 2815 Dorothy Heights, THURSDAY ISLAND, QLD, 4875
Fotinos,  Sunny, 3510 Dover Grange, YAN YEAN SOUTH, VIC, 3754
Ivanova,  Susan, 2987 Morgan Ridge, SIDMOUTH, TAS, 7270
Quirk,  Susan, 2037 East Chase, NEALE, WA, 6440
Fei,  Suzy, 4014 Beacon Court, TARNEIT, VIC, 3029
Ganascia,  Suzy, 439 Cooma Drive, WEE WAA, NSW, 2388
Underwood,  Sveta, 4858 Napier Concourse, WONDALGA, NSW, 2729
Bristow,  Sydney, 2593 Breen Parade, MUIRLEA, QLD, 4306
Davis,  Synan, 4376 Lomond Street, TOOMPUP, WA, 6336
Quinlan,  Tacy, 585 Eva Alley, CLYDE, VIC, 3978
Lewis,  Taffey, 3360 Browning Place, WELSBY, QLD, 4507
Edwards,  Taffy, 1090 Malmsbury Grange, PURLEWAUGH, NSW, 2357
Fragale,  Taffy, 1615 Tarwin Course, MOUNT KEIRA, NSW, 2500
Finn,  Taima, 1577 Norwood Course, OUSE, TAS, 7140
Winters,  Talia, 438 McKay Drive, FORTITUDE VALLEY, QLD, 4006
Cartwright,  Tama, 2516 Robert Road, ST LEONARDS, NSW, 2065
Kirbuk,  Tanya, 2238 Clare Crescent, OYSTER BAY, NSW, 2225
Pawlak,  Tao, 2262 Tarwin Heights, ROCHFORD, VIC, 3442
King,  Tara, 1368 Screen Parade, HILLCREST, QLD, 4118
Maclay,  Tara, 3394 Manna Gum Grove, PEAKHURST HEIGHTS, NSW, 2210
Funk,  Tarana, 2868 Taunton Ridge, GROVE, TAS, 7109
Guvenir,  Tasha, 3428 Brentwood Concourse, SANDSTONE POINT, QLD, 4511
Yates,  Tasya, 2962 Sanders Walk, SANDFORD, VIC, 3312
Madison,  Tawny, 569 Zig zag Drive, DARLINGTON POINT, NSW, 2706
Galen,  Technomage, 1163 Marshall Chase, CARRIETON, SA, 5432
Roach,  Ted, 3633 Redwood Esplanade, DOLANS BAY, NSW, 2229
Bey,  Terrence, 1946 Reed Course, TRIGG, WA, 6029
Eyre,  Tertius, 998 Karen Close, CROOBLE, NSW, 2400
McConnell,  Terweduwe, 2738 Dandenong Close, ANAKIE, QLD, 4702
Harding,  Tess, 2678 Murphy Concourse, BREAKWATER, VIC, 3219
Le,  Thanh, 3454 Mernda Avenue, NARROGIN VALLEY, WA, 6312
Goddard,  Thanos, 1723 Anzac Grove, MAYBERRY, TAS, 7304
Rodger,  Theodora, 1878 Erin Crescent, COLINTON, QLD, 4306
Gordon,  Theodore, 2110 Emily Road, WONGA BEACH, QLD, 4873
Anderson,  Thomas, 1851 Stawell Close, NORTH HAVEN, SA, 5018
McGrath,  Thomas, 1224 Barton Plaza, BARRY, NSW, 2799
Nihei,  Thrine, 1709 Browns Avenue, THE UNIVERSITY OF SYDNEY, NSW, 2006
Selman,  Tiaret, 3384 Boronia Crescent, DUDAWA, WA, 6519
Belford,  Tiffany, 829 Riverside Alley, THE OAKS, NSW, 2570
O'Neill,  Tim, 894 Brooklyn Place, ROBINVALE, VIC, 3549
Pollwein,  Timberly, 1326 Oxford Grange, CAPE MORETON, QLD, 4025
Ciesielski,  Tirza, 2253 Aquarius Concourse, GABBADAH, WA, 6042
Murdock,  Tirza, 4587 Cook Highway, GREIGS FLAT, NSW, 2549
Meres,  Toby, 4046 Market Circle, MOSS VALE, NSW, 2577
Chandler,  Tom, 4421 Elm Square, VITTORIA, WA, 6230
Paris,  Tom, 2102 Third Avenue, RELBIA, TAS, 7258
Penny,  Tom, 703 Latham Road, YOUNDEGIN, WA, 6407
Proctor,  Tom, 1261 Torquay Heights, NORTHCOTE, VIC, 3070
Stevens,  Tom, 357 Montgomery Crossing, BUNDALL, QLD, 4217
Oliver,  Tommy, 261 Kimberley Course, HERNE HILL, WA, 6056
Webber,  Tommy, 4746 Chelsea Crescent, PURLEWAUGH, NSW, 2357
Piccolo,  Tony, 2799 Bradley Chase, ENFIELD, SA, 5085
Smith,  Tony, 3882 Matlock Esplanade, CATAGUNYA, TAS, 7140
Stamp,  Tony, 2366 Chester Drive, GRETNA, TAS, 7140
Ziyal,  Tora, 3553 Madden Esplanade, WOODBRIDGE, WA, 6056
Lines,  Tosh, 1130 Quarry Court, MAITLAND NORTH, NSW, 2320
Miller,  Trace, 132 Dover Grange, EDDERTON, NSW, 2333
Morrow,  Traelic, 4825 Dallas Ridge, FERRYDEN PARK, SA, 5010
Gemini,  Trance, 2944 Rutland Road, ROSEBERY, NSW, 2018
Mayweather,  Travis, 3558 Catherine Walk, NORONG, VIC, 3682
Laredo,  Trek, 2029 Dodds Square, DUNALLEY, TAS, 7177
McMillan,  Tricia, 1414 Leopold Drive, GHERINGHAP, VIC, 3331
Kwan,  Trini, 1014 Docklands Esplanade, HUNTERS HILL, NSW, 2110
Anastazi,  Tyr, 3464 Eagle Crescent, BERKELEY, NSW, 2506
Szpakowicz,  Tyrone, 704 Mernda Drive, THALLON, QLD, 4497
Spence,  Tyson, 1045 Eden Grove, MYPOLONGA, SA, 5254
Sterling,  Ugo, 2360 Alexander Close, NARRAWONG, VIC, 3285
Giampapa,  Urbain, 18 Greensborough Crescent, BUNGONIA, NSW, 2580
Shiri,  Vanessa, 4585 Buckingham Crescent, MORRISONS, VIC, 3334
Sestito,  Vega, 3785 Osborne Close, FALCON, WA, 6210
Howard,  Venedict, 427 Wilson Highway, REGENCY PARK, SA, 5010
Smith,  Venus, 1265 Lyrebird Concourse, ATTWOOD, VIC, 3049
Burstein,  Verne, 330 Briar Crescent, LLANHERNE, TAS, 7170
Slattery,  Verne, 4858 Plunkett Esplanade, ANGASTON, SA, 5353
Dursley,  Vernon, 2668 Fitzroy Heights, CHRISTIE DOWNS, SA, 5164
Vale,  Vicki, 3305 Ovens Circle, CHATHAM, NSW, 2430
Hagen,  Vicky, 2028 Tracey Street, BIGGA, NSW, 2583
Creed,  Victor, 1496 Nicholas Course, GEORGES PLAINS, NSW, 2795
Fries,  Victor, 4472 Brunswick Parade, THORNGATE, SA, 5082
Milson,  Victor, 3750 Melbourne Plaza, MANJIMUP, WA, 6258
Prior,  Vida, 1010 Earl Parade, TIMBOON, VIC, 3268
Singh,  Vik, 1556 Burnley Esplanade, SEYMOUR, VIC, 3660
Restal,  Vila, 1507 Chelsea Plaza, FULLARTON, SA, 5063
Cotto,  Vir, 236 Cecil Crossing, BONANG, VIC, 3888
Tracy,  Virgil, 2875 Mitchell Circle, SALISBURY PARK, SA, 5109
Tsatsoulis,  Virote, 3634 Carbine Square, WALKAWAY, WA, 6528
Martella,  Viv, 2581 Stafford Grove, POOCHERA, SA, 5655
Rudenko,  Vladimir, 2064 Kimberley Parade, MOUNT TYSON, QLD, 4356
Welles,  Wade, 3610 Marshall Concourse, LOXTON NORTH, SA, 5333
Curnow,  Walter, 4113 Topaz Crescent, COLOSSEUM, QLD, 4677
Davis,  Walter, 677 Harold Parade, PINKENBA, QLD, 4008
Skinner,  Walter, 4101 Blair Square, ALEXANDRA BRIDGE, WA, 6288
Keffer,  Warren, 4913 Lynch Drive, JERICHO, TAS, 7030
Smith,  Wendy, 2982 Hakea Parade, FORSAYTH, QLD, 4871
Crusher,  Wesley, 1541 Casey Parade, MOGAREEKA, NSW, 2550
Wyndham-Pryce,  Wesley, 2452 Chifley Circle, ST MARY, QLD, 4570
Silverstein,  Weston, 1503 Kenneth Ridge, BAARMUTHA, VIC, 3747
Tippin,  Will, 1132 Philip Grange, CORONET BAY, VIC, 3984
Boone,  William, 2393 Kurrajong Course, ORFORD, TAS, 7190
Hayward,  William, 917 Surrey Grange, UNDERCLIFFE, NSW, 2206
Raines,  William, 2219 Latham Alley, COOTAMUNDRA, NSW, 2590
Riker,  William, 2281 Stringybark Court, APSLEY, TAS, 7030
Rosenberg,  Willow, 2985 Pope Avenue, HOWRAH, TAS, 7018
Armitage,  Willy, 1910 Morgan Arcade, RIVERHILLS, QLD, 4074
Fisk,  Wilson, 1066 Molesworth Heights, ARRINO, WA, 6519
Bukle,  Winifred, 2667 Brighton Plaza, MAIDEN GULLY, VIC, 3551
Havlock,  Winston, 3060 Cleeland Promenade, WILGA, WA, 6243
French,  Wyatt, 3449 Horne Court, MODEL FARMS, NSW, 2153
Drax,  Xander, 2778 Swymour Circle, FINKE, NT, 872
Redmond,  Xinavane, 2454 Byron Grove, MOUNT BURR, SA, 5279
Hooch,  Xiomara, 4311 Guy Circle, AVENUE RANGE, SA, 5273
Bailey,  Yahto, 2565 Wallace Square, DARGALONG, VIC, 3608
Ruggeri,  Yamka, 3739 Adams Heights, MAIDA VALE, WA, 6057
Marsh,  Yardley, 4539 Arthur Close, BELLIMBOPINNI, NSW, 2440
McArthur,  Yasin, 359 Commercial Close, ABINGTON, QLD, 4660
Minton,  Ye, 4809 Neville Plaza, LAKE KING, WA, 6356
Knott,  Yuri, 4086 Racecourse Street, ST PETERS DC, NSW, 2044
Taylor,  Zachary, 2752 Erica Parade, GREENWOOD, WA, 6024
Allan,  Zack, 2384 Janet Arcade, BUNBARTHA, VIC, 3634
Adams,  Zaide, 1823 Price Place, DEDERANG, VIC, 3691
Beeblebrox,  Zaphod, 4331 Jill Avenue, CURLEWIS, VIC, 3222
Duddley,  Zed, 1574 Kimberley Street, GRANYA, VIC, 3701
Stephens,  Zeno, 2897 Peers Promenade, SVENSSON HEIGHTS, QLD, 4670
Moss,  Zenobia, 3442 Lime Circle, WOLSELEY, SA, 5269
Benson,  Zili, 1706 Second Concourse, WORSLEY, WA, 6225
Watson,  Ziv, 2505 Camelia Parade, STOCKWELL, SA, 5355
Warren,  Zoe, 1738 Manna Gum Chase, DARNUM, VIC, 3822
Zuckerman,  Zola, 4062 Peter Place, MOLENDINAR, QLD, 4214
Jappy,  Zona, 2291 McLeod Road, WAVELL HEIGHTS NORTH, QLD, 4012
Wentworth,  Zula, 4288 Mellevue Highway, WARNERS BAY, NSW, 2282
Partridge,  Zulema, 3685 Taldra Ridge, POINT PEARCE, SA, 5573
